{
	"description": "VSCode の Emmet サポート",
	"command.wrapWithAbbreviation": "ラップ変換",
	"command.wrapIndividualLinesWithAbbreviation": "個々の行でラップ変換",
	"command.removeTag": "タグの削除",
	"command.updateTag": "タグの更新",
	"command.matchTag": "一致するペアに移動",
	"command.balanceIn": "バランス (内側)",
	"command.balanceOut": "バランス (外側)",
	"command.prevEditPoint": "前の編集点に移動",
	"command.nextEditPoint": "次の編集点に移動",
	"command.mergeLines": "行のマージ",
	"command.selectPrevItem": "前の項目を選択",
	"command.selectNextItem": "次の項目を選択",
	"command.splitJoinTag": "タグの分割/結合",
	"command.toggleComment": "コメントの切り替え",
	"command.evaluateMathExpression": "数式の評価",
	"command.updateImageSize": "イメージ サイズの更新",
	"command.reflectCSSValue": "CSS 値を反映",
	"command.incrementNumberByOne": "1 ずつ増加",
	"command.decrementNumberByOne": "1 ずつ減少",
	"command.incrementNumberByOneTenth": "0.1 ずつ増加",
	"command.decrementNumberByOneTenth": "0.1 ずつ減少",
	"command.incrementNumberByTen": "10 ずつ増加",
	"command.decrementNumberByTen": "10 ずつ減少",
	"emmetSyntaxProfiles": "指定した構文に対してプロファイルを定義するか、特定の規則がある独自のプロファイルをご使用ください。",
	"emmetExclude": "Emmet 省略記法を展開すべきでない言語の配列。",
	"emmetExtensionsPath": "Emmet のプロファイルとスニペットを含むフォルダーへのパス。",
	"emmetShowExpandedAbbreviation": "展開された Emmet 省略記法を候補として表示します。\n\"inMarkupAndStylesheetFilesOnly\" オプションは、html、haml、jade、slim、xml、xsl、css、scss、sass、less、stylus に適用されます。\n\"always\" オプションは markup/css に関係なくファイルのすべての部分に適用されます。",
	"emmetShowAbbreviationSuggestions": "利用できる Emmet 省略記法を候補として表示します。スタイルシートや emmet.showExpandedAbbreviation を \"never\" に設定していると適用されません。",
	"emmetIncludeLanguages": "既定でサポートされていない言語で Emmet 略語を有効にします。ここに、その言語と Emmet でサポートされる言語のマッピングを追加します。\n 例: {\"vue-html\":\"html\"、\"javascript\":\"javascriptreact\"}",
	"emmetVariables": "Emmet のスニペットで使用される変数",
	"emmetTriggerExpansionOnTab": "有効にすると、TAB キーを押したときに Eemmet 省略記法が展開されます。",
	"emmetPreferences": "Emmet の一部のアクションやリゾルバーの動作の変更に使用される基本設定。",
	"emmetPreferencesIntUnit": "整数値に使用する既定の単位",
	"emmetPreferencesFloatUnit": "float 値に使用する既定の単位",
	"emmetPreferencesCssAfter": "CSS の略語を展開するときに CSS プロパティの末尾に配置されるシンボル",
	"emmetPreferencesSassAfter": "Sass ファイルで CSS 略語を展開するときに CSS プロパティの末尾に配置されるシンボル",
	"emmetPreferencesStylusAfter": "Stylus ファイルで CSS 略語を展開するときに CSS プロパティの末尾に配置されるシンボル",
	"emmetPreferencesCssBetween": "CSS の略語を展開するときに CSS プロパティと値の間に配置されるシンボル ",
	"emmetPreferencesSassBetween": "Sass ファイルで CSS の略語を展開するときに CSS プロパティと値の間に配置されるシンボル ",
	"emmetPreferencesStylusBetween": "Stylus ファイルで CSS の略語を展開するときに CSS プロパティと値の間に配置されるシンボル ",
	"emmetShowSuggestionsAsSnippets": "true の場合、Emmet 候補をスニペットとして表示して editor.snippetSuggestions 設定に従ってそれらを並び替えます。",
	"emmetPreferencesBemElementSeparator": "BEM フィルターを利用時にクラス使用する Element の区切り文字 ",
	"emmetPreferencesBemModifierSeparator": "BEM フィルターを利用時にクラス使用する Modifier の区切り文字",
	"emmetPreferencesFilterCommentBefore": "コメント フィルター使用時、一致した要素の前に配置するコメントの定義。 ",
	"emmetPreferencesFilterCommentAfter": "コメント フィルター使用時、一致した要素の後に配置するコメントの定義。",
	"emmetPreferencesFilterCommentTrigger": "コメント フィルターに適用される略語に存在する属性名のカンマ区切りのリスト",
	"emmetPreferencesFormatNoIndentTags": "内部インデントを取得しないタグ名の配列",
	"emmetPreferencesFormatForceIndentTags": "内部インデントを常に取得するタグ名の配列",
	"emmetPreferencesAllowCompactBoolean": "true の場合、 Boolean 型属性の短縮表記が生成されます",
	"emmetPreferencesCssWebkitProperties": "Emmet 省略記法で使用される場合に `-` で始まる 'webkit' ベンダー プレフィックスを取得するカンマ区切りの CSS プロパティ。常に 'webkit' プレフィックスを避ける場合は空の文字列に設定します。",
	"emmetPreferencesCssMozProperties": "Emmet 省略記法で使用される場合に `-` で始まる 'moz' ベンダー プレフィックスを取得するカンマ区切りの CSS プロパティ。常に 'moz' プレフィックスを避ける場合は空の文字列に設定します。",
	"emmetPreferencesCssOProperties": "Emmet 省略記法で使用される場合に `-` で始まる 'o' ベンダー プレフィックスを取得するカンマ区切りの CSS プロパティ。常に 'o' プレフィックスを避ける場合は空の文字列に設定します。",
	"emmetPreferencesCssMsProperties": "Emmet 省略記法で使用される場合に `-` で始まる 'ms' ベンダー プレフィックスを取得するカンマ区切りの CSS プロパティ。常に 'ms' プレフィックスを避ける場合は空の文字列に設定します。",
	"emmetPreferencesCssFuzzySearchMinScore": "あいまい検索の省略形が達成すべき (0 から 1 の) 最小スコア。値が低ければ多くの誤検出が発生する可能性があります。値が高ければ一致する見込みが減る可能性があります。",
	"emmetOptimizeStylesheetParsing": "false に設定すると、現在位置が Emmet 略語の展開位置として有効かどうかを判定するためにファイル全体を解析します。true に設定すると、css/scss/less ファイルの現在位置周辺のコンテンツのみを解析します。"
}