{
	"displayName": "TypeScript 和 JavaScript 語言功能",
	"description": "為 JavaScript 和 TypeScript 提供豐富的語言支援。",
	"typescript.reloadProjects.title": "重新載入專案",
	"javascript.reloadProjects.title": "重新載入專案",
	"configuration.typescript": "TypeScript",
	"typescript.useCodeSnippetsOnMethodSuggest.dec": "使用其參數簽章完成函式。",
	"typescript.tsdk.desc": "指定資料夾路徑，其中包含要使用的 tsserver 和 lib*.d.ts 檔案。",
	"typescript.disableAutomaticTypeAcquisition": "停用自動類型取得。需要 TypeScript >= 2.0.6。",
	"typescript.tsserver.log": "允許 TS 伺服器記錄到檔案。此記錄可用來診斷 TS 伺服器問題。記錄可能包含檔案路徑、原始程式碼及您專案中可能具有敏感性的其他資訊。",
	"typescript.tsserver.pluginPaths": "發現 TypeScript 語言服務外掛的其他路徑。需要 TypeScript >= 2.3.0。",
	"typescript.tsserver.pluginPaths.item": "無論是絕對路徑或是相對路徑。相對路徑將會根據工作區資料夾進行解析。",
	"typescript.tsserver.trace": "允許將訊息追蹤傳送到 TS 伺服器。此追蹤可用來診斷 TS 伺服器問題。追蹤可能包含檔案路徑、原始程式碼及您專案中可能具有敏感性的其他資訊。",
	"typescript.validate.enable": "啟用/停用 TypeScript 驗證。",
	"typescript.format.enable": "啟用/停用預設 TypeScript 格式器。",
	"javascript.format.enable": "啟用/停用預設 JavaScript 格式器。",
	"format.insertSpaceAfterCommaDelimiter": "定義逗號分隔符號後的空格處理。",
	"format.insertSpaceAfterConstructor": "定義 constructor 關鍵字後空格處理。需要 TypeScript >= 2.3.0。",
	"format.insertSpaceAfterSemicolonInForStatements": " 定義 for 陳述式內分號後的空格處理。",
	"format.insertSpaceBeforeAndAfterBinaryOperators": "定義二元運算子後的空格處理。",
	"format.insertSpaceAfterKeywordsInControlFlowStatements": "定義控制流程陳述式內關鍵字後的空格處理方式。",
	"format.insertSpaceAfterFunctionKeywordForAnonymousFunctions": "定義匿名函式之函式關鍵字後的空格處理。",
	"format.insertSpaceBeforeFunctionParenthesis": "定義如何處理函式引數括號之前的空格。TypeScript 必須 >= 2.1.5。",
	"format.insertSpaceAfterOpeningAndBeforeClosingNonemptyParenthesis": "定義左右非空白括弧間的空格處理。",
	"format.insertSpaceAfterOpeningAndBeforeClosingNonemptyBrackets": "定義左右非空白括弧間的空格處理。",
	"format.insertSpaceAfterOpeningAndBeforeClosingNonemptyBraces": "定義左右非空白括弧間的空格處理。需要 TypeScript >= 2.3.0。",
	"format.insertSpaceAfterOpeningAndBeforeClosingTemplateStringBraces": "定義範本字串左右大括弧間的空格處理。需要 TypeScript >= 2.0.6。",
	"format.insertSpaceAfterOpeningAndBeforeClosingJsxExpressionBraces": "定義 JSX 運算式左右大括弧間的空格處理。需要 TypeScript >= 2.0.6。",
	"format.insertSpaceAfterTypeAssertion": "定義在 TypeScript 內類型宣告後空格處理。需要 TypeScript >= 2.4。",
	"format.placeOpenBraceOnNewLineForFunctions": "定義是否將左大括弧放入函式的新行。",
	"format.placeOpenBraceOnNewLineForControlBlocks": "定義是否將左大括弧放入控制區塊的新行。",
	"javascript.validate.enable": "啟用/停用 JavaScript 驗證。",
	"typescript.goToProjectConfig.title": "移至專案組態",
	"javascript.goToProjectConfig.title": "移至專案組態",
	"javascript.referencesCodeLens.enabled": "在JavaScript檔案啟用/停用 參考CodeLens ",
	"typescript.referencesCodeLens.enabled": "在TypeScript檔案啟用/停用CodeLens參考。需要TypeScript>=2.0.6。",
	"typescript.implementationsCodeLens.enabled": "啟用/停用實作 CodeLens。需要 TypeScript >= 2.2.0。",
	"typescript.openTsServerLog.title": "開啟 TS 伺服器記錄",
	"typescript.restartTsServer": "重新啟動TS伺服器",
	"typescript.selectTypeScriptVersion.title": "選取 TypeScript 版本",
	"typescript.reportStyleChecksAsWarnings": "使用警告顯示樣式檢查",
	"jsDocCompletion.enabled": "啟用/停用自動 JSDoc 註解",
	"javascript.implicitProjectConfig.checkJs": "啟用/停用 JavaScript 檔案的語意檢查。現有的 jsconfig.json 或 tsconfig.json 檔案會覆寫此設定。需要 TypeScript >=2.3.1。",
	"typescript.npm": "指定用於自動類型取得的 NPM 可執行檔路徑。TypeScript 必須 >= 2.3.4.",
	"typescript.check.npmIsInstalled": "檢查是否已安裝NPM用以取得自動類型擷取.",
	"javascript.nameSuggestions": "從JavaScript推薦表檔案中啟用/停用包含唯一檔名",
	"typescript.tsc.autoDetect": "控制自動偵測 tsc 任務。 'off' 停用此功能。 'build' 僅建立單次編譯任務。 'watch'  僅建立編譯並監看任務。 'on' 同時建立編譯及監看任務。預設值為 'on'。",
	"typescript.problemMatchers.tsc.label": "TypeScript 問題",
	"typescript.problemMatchers.tscWatch.label": " TypeScript 問題 (監看模式)",
	"typescript.quickSuggestionsForPaths": "啟用/停用在輸入匯入路徑顯示即時建議。",
	"typescript.locale": "設定報告 TypeScript 錯誤的語系。需要 TypeScript >= 2.6.0。預設值 'null' 則使用 VS Code 的語系來顯示 TypeScript 錯誤。",
	"javascript.implicitProjectConfig.experimentalDecorators": "啟用/停用 JavaScript 檔案中非專案部分的 'experimentalDecorators'。現有的 jsconfig.json 或 tsconfig.json 檔案會覆寫此設定。需要 TypeScript >=2.3.1。",
	"typescript.autoImportSuggestions.enabled": "啟用/停用 自動匯入建議。需要 TypeScript >=2.6.1",
	"typescript.experimental.syntaxFolding": "啟用/停用語法感知摺疊標記。",
	"taskDefinition.tsconfig.description": "定義 TS 組建的 tsconfig 檔案。",
	"javascript.suggestionActions.enabled": "編輯器內啟用/停用 JavaScript 檔案建議診斷。需要 TypeScript >= 2.8",
	"typescript.suggestionActions.enabled": "編輯器內啟用/停用 TypeScript 檔案建議診斷。需要 TypeScript >= 2.8"
}