{
	"displayName": "Características del lenguaje JavaScript y TypeScript",
	"description": "Proporciona soporte de lenguaje enriquecido para JavaScript y TypeScript.",
	"typescript.reloadProjects.title": "Volver a cargar el proyecto",
	"javascript.reloadProjects.title": "Volver a cargar el proyecto",
	"configuration.typescript": "TypeScript",
	"typescript.useCodeSnippetsOnMethodSuggest.dec": "Complete las funciones con la signatura de parámetro.",
	"typescript.tsdk.desc": "Especifica la ruta de acceso de carpeta que contiene los archivos lib*.d.ts y tsserver que se van a usar.",
	"typescript.disableAutomaticTypeAcquisition": "Desactiva la adquisición automática de tipos. Requiere TypeScript >= 2.0.6.",
	"typescript.tsserver.log": "votes Habilita los registros del servidor TS a un archivo. Este registro se puede utilizar para diagnosticar problemas en el servidor TS. Este registro puede contener rutas de acceso, código fuente y posiblemente otra información sensitiva acerca del proyecto.",
	"typescript.tsserver.pluginPaths": "Rutas adicionales para descubrir plugins de servicio del lenguaje Typescript. Requiere TypeScript >= 2.3.0.",
	"typescript.tsserver.pluginPaths.item": "Ruta relativa o absoluta. La ruta de acceso relativa se resolverá contra las carpetas del espacio de trabajo.",
	"typescript.tsserver.trace": "Habilita el seguimiento de mensajes al servidor TS. Este seguimiento se puede utilizar para diagnosticar problemas en el servidor TS. Este seguimiento puede contener rutas de acceso, código fuente y posiblemente otra información sensitiva acerca del proyecto.",
	"typescript.validate.enable": "Habilita o deshabilita la validación de TypeScript.",
	"typescript.format.enable": "Habilita o deshabilita el formateador predeterminado de TypeScript.",
	"javascript.format.enable": "Habilita o deshabilita el formateador predeterminado de JavaScript.",
	"format.insertSpaceAfterCommaDelimiter": "Define el tratamiento del espacio después de un delimitador de coma.",
	"format.insertSpaceAfterConstructor": "Define el manejo del espacio después de la palabra clave constructor. Requiere TypeScript >= 2.3.0",
	"format.insertSpaceAfterSemicolonInForStatements": " Define el tratamiento del espacio después de punto y coma en una instrucción for.",
	"format.insertSpaceBeforeAndAfterBinaryOperators": "Define el tratamiento del espacio después de un operador binario.",
	"format.insertSpaceAfterKeywordsInControlFlowStatements": "Define el tratamiento del espacio después de las palabras clave en una instrucción de flujo de control.",
	"format.insertSpaceAfterFunctionKeywordForAnonymousFunctions": "Define el tratamiento del espacio después de la palabra clave function para las funciones anónimas.",
	"format.insertSpaceBeforeFunctionParenthesis": "Define el tratamiento del espacio delante de los paréntesis de los argumentos de las funciones. Requiere TypeScript >= 2.1.5.",
	"format.insertSpaceAfterOpeningAndBeforeClosingNonemptyParenthesis": "Define el manejo del espacio después de abrir y antes de cerrar paréntesis no vacíos.",
	"format.insertSpaceAfterOpeningAndBeforeClosingNonemptyBrackets": "Define el manejo del espacio después de abrir y antes de cerrar los soportes no vacíos.",
	"format.insertSpaceAfterOpeningAndBeforeClosingNonemptyBraces": "Define el manejo del espacio después de abrir y antes de cerrar llaves no vacías. Requiere TypeScript > = 2.3.0.",
	"format.insertSpaceAfterOpeningAndBeforeClosingTemplateStringBraces": "Define el tratamiento del espacio después de la llave de apertura y antes de la llave de cierre de cadenas de plantilla. Requiere TypeScript >= 2.0.6.",
	"format.insertSpaceAfterOpeningAndBeforeClosingJsxExpressionBraces": "Define el tratamiento del espacio después de la llave de apertura y antes de la llave de cierre de las expresiones JSX. Requiere TypeScript >= 2.0.6.",
	"format.insertSpaceAfterTypeAssertion": "Define el control del espacio después de las aserciones de tipos en TypeScript. Requiere TypeScript >= 2.4",
	"format.placeOpenBraceOnNewLineForFunctions": "Define si una llave de apertura se incluye en una nueva línea para las funciones o no.",
	"format.placeOpenBraceOnNewLineForControlBlocks": "Define si una llave de apertura se incluye en una nueva línea para los bloques de control o no.",
	"javascript.validate.enable": "Habilita o deshabilita la validación de JavaScript.",
	"typescript.goToProjectConfig.title": "Ir a configuración del proyecto",
	"javascript.goToProjectConfig.title": "Ir a configuración del proyecto",
	"javascript.referencesCodeLens.enabled": "Habilitar/deshabilitar las referencias de CodeLens en los archivos de JavaScript.",
	"typescript.referencesCodeLens.enabled": "Habilitar/deshabilitar las referencias de CodeLens en los archivos de TypeScript. Requiere TypeScript  >= 2.0.6.",
	"typescript.implementationsCodeLens.enabled": "Habilita o deshabilita implementaciones de CodeLens. Requiere TypeScript >= 2.2.0.",
	"typescript.openTsServerLog.title": "Abrir registro del servidor de TS",
	"typescript.restartTsServer": "Reiniciar servidor TS",
	"typescript.selectTypeScriptVersion.title": "Seleccionar versión de TypeScript",
	"typescript.reportStyleChecksAsWarnings": "Notificar comprobaciones de estilo como advertencias",
	"jsDocCompletion.enabled": "Habilita o deshabilita comentarios automaticos de JSDoc",
	"javascript.implicitProjectConfig.checkJs": "Habilita/deshabilita la comprobación semántica de los archivos JavaScript. Los archivos jsconfig.json o tsconfig.json reemplazan esta configuración. Se requiere TypeScript >=2.3.1.",
	"typescript.npm": "Especifica la ruta de acceso al archivo ejecutable de NPM usada para la adquisición automática de tipos. Requiere TypeScript >= 2.3.4.",
	"typescript.check.npmIsInstalled": "Compruebe si NPM está instalado para la adquisición automática de tipos.",
	"javascript.nameSuggestions": "Habilitar/deshabilitar nombres únicos de la lista de sugerencias en los archivos de JavaScript. ",
	"typescript.tsc.autoDetect": "Controla la auto detección de tareas del CAC. 'off' inhabilita esta función. 'build' crea una ejecución de compilación de tareas. 'watch' sólo crea compilación y 'watch tasks' 'on' crea tanto construir y ver tareas. Por defecto = 'on'. ",
	"typescript.problemMatchers.tsc.label": "Problemas de TypeScript",
	"typescript.problemMatchers.tscWatch.label": "Problemas de TypeScript (modo de inspección)",
	"typescript.quickSuggestionsForPaths": "Activar o desactiva las sugerencias rápidas al escribir una ruta de importación.",
	"typescript.locale": "Establece la configuración regional para reportar errores de TypeScript. Requiere TypeScript > = 2.6.0. Por defecto, utiliza el valor 'null'  de VS Code para errores de TypeScript.",
	"javascript.implicitProjectConfig.experimentalDecorators": "Activar/desactivar 'experimentalDecorators' para los archivos JavaScript que no son parte de un proyecto. Los archivos jsconfig.json o tsconfig.json reemplazan esta configuración. Requiere inicio > = 2.3.1. ",
	"typescript.autoImportSuggestions.enabled": "Habilita o deshabilita sugerencias de importación automática.  Requiere TypeScript >= 2.6.1.",
	"typescript.experimental.syntaxFolding": "Habilita/deshabilita los marcadores de plegado sensibles a la sintaxis.",
	"taskDefinition.tsconfig.description": "Archivo tsconfig que define la compilación de TS.",
	"javascript.suggestionActions.enabled": "Habilitar/deshabilitar sugerencias de diagnóstico para los archivos JavaScript en el editor. Requiere TypeScript > = 2.8 ",
	"typescript.suggestionActions.enabled": "Habilitar/deshabilitar sugerencias de diagnóstico para los archivos JavaScript en el editor. Requiere TypeScript > = 2.8 "
}